category,Users,Volume,Transactions
Sat May 28 2022,578,1485359.49,445
Fri May 27 2022,624,2564180.38,448
Thu May 26 2022,721,3089417.03,577
Wed May 25 2022,653,3064682.25,479
Tue May 24 2022,606,1922168.39,451
Mon May 23 2022,761,1715389.58,548
Sun May 22 2022,678,719034.73,502
Sat May 21 2022,630,2288095.46,448
Fri May 20 2022,639,3616552.9,510
Thu May 19 2022,639,1491840.18,445
Wed May 18 2022,643,1750148.67,463
Tue May 17 2022,657,2459847.09,460
Mon May 16 2022,781,1434323.11,601
Sun May 15 2022,669,422734.64,446
Sat May 14 2022,680,1559519.37,468
Fri May 13 2022,797,1429715.66,588
Thu May 12 2022,695,2137538.84,531
Wed May 11 2022,730,5120290.6,564
Tue May 10 2022,718,13897243.71,567
Mon May 09 2022,840,3711181.84,722
Sun May 08 2022,789,1122337.54,599
Sat May 07 2022,772,501387.08,570
Fri May 06 2022,764,25162186.15,584
Thu May 05 2022,791,1654530.16,572
Wed May 04 2022,913,1966385.17,653
Tue May 03 2022,817,4452279,684
Mon May 02 2022,935,2810715.26,945
Sun May 01 2022,881,6469642.03,811
Sat Apr 30 2022,918,2502519.15,925
Fri Apr 29 2022,931,9717665.18,824
Thu Apr 28 2022,1063,2851009.61,988
Wed Apr 27 2022,1034,3806499.65,1010
Tue Apr 26 2022,967,16899342.27,866
Mon Apr 25 2022,963,7923121.59,916
Sun Apr 24 2022,988,3376377.97,853
Sat Apr 23 2022,946,3618719.62,812
Fri Apr 22 2022,810,2943661.73,780
Thu Apr 21 2022,981,3167889.19,852
Wed Apr 20 2022,1162,10713055.73,987
Tue Apr 19 2022,1116,3608543.59,1067
Mon Apr 18 2022,979,4450679.57,908
Sun Apr 17 2022,973,4013314.75,845
Sat Apr 16 2022,920,2834433.48,801
Fri Apr 15 2022,965,4248749.37,843
Thu Apr 14 2022,1047,5968085.94,805
Wed Apr 13 2022,1135,12364328.8,855
Tue Apr 12 2022,1099,7660961.14,1158
Mon Apr 11 2022,909,8085515.07,983
Sun Apr 10 2022,1054,6383226.25,915
Sat Apr 09 2022,1057,21021226.71,922
Fri Apr 08 2022,1310,2401248.86,1121
Thu Apr 07 2022,1505,5698018.55,1120
Wed Apr 06 2022,2157,8174917.18,1209
Tue Apr 05 2022,3795,5006168.31,1850
Mon Apr 04 2022,1209,35726987.56,1080
Sun Apr 03 2022,1294,3293319.54,1195
Sat Apr 02 2022,1492,3127786.08,1232
Fri Apr 01 2022,1618,5281318.53,1431
Thu Mar 31 2022,1792,7601070.07,1768
Wed Mar 30 2022,975,11866880.66,940
Tue Mar 29 2022,1210,10740400.14,968
Mon Mar 28 2022,1336,8062220.54,1174
Sun Mar 27 2022,1294,6965139.13,1150
Sat Mar 26 2022,1184,14889557.36,984
Fri Mar 25 2022,1193,4789119.4,944
Thu Mar 24 2022,1227,9554828.03,974
Wed Mar 23 2022,1319,17862727.37,934
Tue Mar 22 2022,1228,2941014.79,990
Mon Mar 21 2022,1165,24343415.61,921
Sun Mar 20 2022,1201,6301185.75,909
Sat Mar 19 2022,1113,4178594.37,779
Fri Mar 18 2022,1035,3169904.94,756
Thu Mar 17 2022,1263,10976016.18,846
Wed Mar 16 2022,1419,8583778.42,1194
Tue Mar 15 2022,1164,14736932.29,727
Mon Mar 14 2022,1241,8772727.63,849
Sun Mar 13 2022,1400,28397074.97,960
Sat Mar 12 2022,1135,3263583.58,999
Fri Mar 11 2022,1186,503530.37,1147
Thu Mar 10 2022,859,48162489.04,830
Wed Mar 09 2022,1664,16766603.28,1340
Tue Mar 08 2022,1600,1453181.87,1145
Mon Mar 07 2022,1724,26999808.39,1202
Sun Mar 06 2022,1744,25695913.67,1272
Sat Mar 05 2022,1919,30262104.45,1453
Fri Mar 04 2022,2335,10245798.39,1575
Thu Mar 03 2022,1941,34656519.5,1623
Wed Mar 02 2022,1212,17579986.5,1140
Tue Mar 01 2022,1290,28664316.6,1342
Mon Feb 28 2022,1177,2493390.78,1287
Sun Feb 27 2022,1195,3770843.06,1315
Sat Feb 26 2022,1182,2981892.35,1122
Fri Feb 25 2022,926,2909522.49,1334
Thu Feb 24 2022,729,6080123.89,1187
Wed Feb 23 2022,1104,2657345.71,1285
Tue Feb 22 2022,1095,34894293.48,1190
Mon Feb 21 2022,1176,10998888.71,1282
Sun Feb 20 2022,1587,3705959.47,1762
Sat Feb 19 2022,1601,19188416.1,1675
Fri Feb 18 2022,1006,36605747.28,1068
Thu Feb 17 2022,963,40867702.34,1084
Wed Feb 16 2022,1230,94804174.99,1284
Tue Feb 15 2022,1537,14140272.42,1408
Mon Feb 14 2022,1515,31413699.41,1324
Sun Feb 13 2022,1907,53043479.42,1620
Sat Feb 12 2022,4503,117274291.68,4175
Fri Feb 11 2022,1657,32065957.29,2140
Thu Feb 10 2022,864,0,1480
Wed Feb 09 2022,833,0,1422
Tue Feb 08 2022,733,0,1210
Mon Feb 07 2022,918,20668.23,1545
Sun Feb 06 2022,802,0,1327
Sat Feb 05 2022,844,0,1354
Fri Feb 04 2022,802,567129.66,1281
Thu Feb 03 2022,666,0,1063
Wed Feb 02 2022,765,0,1196
Tue Feb 01 2022,742,0,1222
Mon Jan 31 2022,815,0,1297
Sun Jan 30 2022,863,0,1366
Sat Jan 29 2022,864,0,1366
Fri Jan 28 2022,812,364.23,1319
Thu Jan 27 2022,908,0,1433
Wed Jan 26 2022,759,0,1195
Tue Jan 25 2022,759,0,1206
Mon Jan 24 2022,693,0,1076
Sun Jan 23 2022,751,0,1196
Sat Jan 22 2022,716,0,1112
Fri Jan 21 2022,746,0,1182
Thu Jan 20 2022,824,0,1284
Wed Jan 19 2022,882,0,1295
Tue Jan 18 2022,736,0,1196
Mon Jan 17 2022,944,0,1554
Sun Jan 16 2022,969,0,1586
Sat Jan 15 2022,1087,0,1805
Fri Jan 14 2022,1129,0,1878
Thu Jan 13 2022,1369,0,2403
Wed Jan 12 2022,1321,0,2271
Tue Jan 11 2022,1278,0,2218
Mon Jan 10 2022,1131,5503461.42,3530
Sun Jan 09 2022,1170,0,5090
Sat Jan 08 2022,1189,0,6032
Fri Jan 07 2022,1161,0,4531
Thu Jan 06 2022,1014,0,2518
Wed Jan 05 2022,829,1168077.08,2091
Tue Jan 04 2022,976,0,1616
Mon Jan 03 2022,1180,0,2040
Sun Jan 02 2022,1238,0,2246
Sat Jan 01 2022,1162,0,2034
Fri Dec 31 2021,1172,0,2085
Thu Dec 30 2021,1183,0,2046
Wed Dec 29 2021,1149,92.54,2022
Tue Dec 28 2021,1198,0,2112
Mon Dec 27 2021,1273,0,2311
Sun Dec 26 2021,1164,0,2080
Sat Dec 25 2021,1065,0,1936
Fri Dec 24 2021,1097,0,2030
Thu Dec 23 2021,1092,0,2048
Wed Dec 22 2021,1164,0,2117
Tue Dec 21 2021,1319,1254.9,2310
Mon Dec 20 2021,1089,0,1883
Sun Dec 19 2021,1115,0,1983
Sat Dec 18 2021,1250,0,2200
Fri Dec 17 2021,871,0.21,1315
Thu Dec 16 2021,271,10455095.62,332
Wed Dec 15 2021,106,0,142
Tue Dec 14 2021,105,0,124
Mon Dec 13 2021,147,0,159
Sun Dec 12 2021,134,0,150
Sat Dec 11 2021,116,0,125
Fri Dec 10 2021,106,0,114
Thu Dec 09 2021,128,0,140
Wed Dec 08 2021,112,0,124
Tue Dec 07 2021,121,0,129
Mon Dec 06 2021,124,0,139
Sun Dec 05 2021,101,0,110
Sat Dec 04 2021,122,0,142
Fri Dec 03 2021,125,0,138
Thu Dec 02 2021,201,3168958.33,261
Wed Dec 01 2021,209,0,244
Tue Nov 30 2021,236,0,263
Mon Nov 29 2021,235,0,282
Sun Nov 28 2021,196,0,223
Sat Nov 27 2021,196,0,238
Fri Nov 26 2021,205,0,222
Thu Nov 25 2021,294,0,333
Wed Nov 24 2021,359,0,431
Tue Nov 23 2021,275,0,317
Mon Nov 22 2021,188,0,216
Sun Nov 21 2021,188,0,206
Sat Nov 20 2021,179,0,227
Fri Nov 19 2021,178,0,210
Thu Nov 18 2021,267,0,316
Wed Nov 17 2021,224,0,245
Tue Nov 16 2021,173,0,218
Mon Nov 15 2021,144,0,154
Sun Nov 14 2021,131,0,145
Sat Nov 13 2021,103,0,124
Fri Nov 12 2021,87,0,104
Thu Nov 11 2021,62,0,62
Wed Nov 10 2021,76,0,91
Tue Nov 09 2021,72,0,76
Mon Nov 08 2021,85,0,101
Sun Nov 07 2021,76,0,85
Sat Nov 06 2021,99,0,151
Fri Nov 05 2021,133,0,140
Thu Nov 04 2021,163,0,183
Wed Nov 03 2021,110,0,119
Tue Nov 02 2021,134,0,153
Mon Nov 01 2021,68,0,77
Sun Oct 31 2021,104,0,116
Sat Oct 30 2021,51,0,61
Fri Oct 29 2021,33,0,35
Thu Oct 28 2021,16,0,16
Wed Oct 27 2021,11,583301.3,12
Tue Oct 26 2021,16,0,19
Mon Oct 25 2021,33,0,38
Sun Oct 24 2021,29,0,33
Sat Oct 23 2021,24,0,27
Fri Oct 22 2021,26,0,37
Thu Oct 21 2021,21,0,22
Wed Oct 20 2021,34,0,40
Tue Oct 19 2021,32,0,34
Mon Oct 18 2021,32,0,36
Sun Oct 17 2021,33,0,38
Sat Oct 16 2021,33,0,37
Fri Oct 15 2021,16,0,20
Thu Oct 14 2021,28,0,33
Wed Oct 13 2021,15,0,22
Tue Oct 12 2021,23,0,28
Mon Oct 11 2021,25,0,26
Sun Oct 10 2021,28,0,31
Sat Oct 09 2021,43,0,46
Fri Oct 08 2021,19,0,22
Thu Oct 07 2021,21,0,21
Wed Oct 06 2021,29,0,35
Tue Oct 05 2021,25,0,27
Mon Oct 04 2021,30,0,34
Sun Oct 03 2021,37,0,39
Sat Oct 02 2021,41,0,44
Fri Oct 01 2021,46,542739.44,62
Thu Sep 30 2021,32,0,34
Wed Sep 29 2021,38,0,46
Tue Sep 28 2021,26,0,31
Mon Sep 27 2021,37,0,41
Sun Sep 26 2021,25,0,38
Sat Sep 25 2021,53,0,65
Fri Sep 24 2021,51,0,61
Thu Sep 23 2021,50,0,56
Wed Sep 22 2021,27,0,31
Tue Sep 21 2021,21,0,26
Mon Sep 20 2021,23,0,25
Sun Sep 19 2021,32,0,35
Sat Sep 18 2021,47,0,59
Fri Sep 17 2021,43,0,47
Thu Sep 16 2021,54,0,59
Wed Sep 15 2021,32,0,44
Tue Sep 14 2021,32,0,48
Mon Sep 13 2021,25,0,29
Sun Sep 12 2021,35,0,38
Sat Sep 11 2021,40,0,44
Fri Sep 10 2021,35,0,42
Thu Sep 09 2021,33,0,39
Wed Sep 08 2021,17,0,18
Tue Sep 07 2021,36,0,43
Mon Sep 06 2021,27,0,30
Sun Sep 05 2021,36,0,42
Sat Sep 04 2021,40,0,47
Fri Sep 03 2021,34,0,36
Thu Sep 02 2021,48,0,58
Wed Sep 01 2021,40,0,53
Tue Aug 31 2021,26,0,33
Mon Aug 30 2021,57,1060459.43,68
Sun Aug 29 2021,66,0,76
Sat Aug 28 2021,53,0,59
Fri Aug 27 2021,32,0,97
Thu Aug 26 2021,64,0,78
Wed Aug 25 2021,38,0,42
Tue Aug 24 2021,37,0,40
Mon Aug 23 2021,30,0,35
Sun Aug 22 2021,44,0,51
Sat Aug 21 2021,39,0,41
Fri Aug 20 2021,42,0,48
Thu Aug 19 2021,41,0,48
Wed Aug 18 2021,29,0,34
Tue Aug 17 2021,25,0,27
Mon Aug 16 2021,25,0,39
Sun Aug 15 2021,55,0,63
Sat Aug 14 2021,39,0,49
Fri Aug 13 2021,43,0,48
Thu Aug 12 2021,53,0,64
Wed Aug 11 2021,40,0,44
Tue Aug 10 2021,29,0,31
Mon Aug 09 2021,26,0,28
Sun Aug 08 2021,37,0,46
Sat Aug 07 2021,36,0,40
Fri Aug 06 2021,43,0,59
Thu Aug 05 2021,76,0,88
Wed Aug 04 2021,40,0,50
Tue Aug 03 2021,25,0,29
Mon Aug 02 2021,37,0,42
Sun Aug 01 2021,41,0,43
Sat Jul 31 2021,37,0,45
Fri Jul 30 2021,42,959853.44,44
Thu Jul 29 2021,42,0,45
Wed Jul 28 2021,45,0,47
Tue Jul 27 2021,35,0,43
Mon Jul 26 2021,40,0,48
Sun Jul 25 2021,49,0,55
Sat Jul 24 2021,69,0,80
Fri Jul 23 2021,63,0,69
Thu Jul 22 2021,79,0,93
Wed Jul 21 2021,22,0,22
Tue Jul 20 2021,37,0,46
Mon Jul 19 2021,33,0,43
Sun Jul 18 2021,33,0,36
Sat Jul 17 2021,32,0,40
Fri Jul 16 2021,53,0,61
Thu Jul 15 2021,64,0,77
Wed Jul 14 2021,20,0,23
Tue Jul 13 2021,36,0,40
Mon Jul 12 2021,22,0,29
Sun Jul 11 2021,30,0,32
Sat Jul 10 2021,51,0,59
Fri Jul 09 2021,37,0,44
Thu Jul 08 2021,76,0,87
Wed Jul 07 2021,38,0,45
Tue Jul 06 2021,20,0,23
Mon Jul 05 2021,42,0,45
Sun Jul 04 2021,44,0,51
Sat Jul 03 2021,46,0,57
Fri Jul 02 2021,65,0,74
Thu Jul 01 2021,126,0,138
Wed Jun 30 2021,64,342433.25,108
Tue Jun 29 2021,43,0,47
Mon Jun 28 2021,41,0,46
Sun Jun 27 2021,43,0,50
Sat Jun 26 2021,92,0,106
Fri Jun 25 2021,56,0,67
Thu Jun 24 2021,172,0,184
Wed Jun 23 2021,31,0,35
Tue Jun 22 2021,22,0,28
Mon Jun 21 2021,31,0,36
Sun Jun 20 2021,29,0,29
Sat Jun 19 2021,51,0,59
Fri Jun 18 2021,30,0,34
Thu Jun 17 2021,26,0,28
Wed Jun 16 2021,38,0,50
Tue Jun 15 2021,64,0,75
Mon Jun 14 2021,34,0,38
Sun Jun 13 2021,34,0,39
Sat Jun 12 2021,32,0,42
Fri Jun 11 2021,28,0,34
Thu Jun 10 2021,39,0,43
Wed Jun 09 2021,30,0,33
Tue Jun 08 2021,30,0,35
Mon Jun 07 2021,35,0,40
Sun Jun 06 2021,28,0,34
Sat Jun 05 2021,30,0,36
Fri Jun 04 2021,24,0,27
Thu Jun 03 2021,24,3.64,30
Wed Jun 02 2021,36,0,43
Tue Jun 01 2021,37,0,41
Mon May 31 2021,40,0,43
Sun May 30 2021,31,0,43
Sat May 29 2021,29,0,30
Fri May 28 2021,33,0,34
Thu May 27 2021,113,0,156
Wed May 26 2021,35,490852.19,36
Tue May 25 2021,30,0,40
Mon May 24 2021,22,0,25
Sun May 23 2021,17,0,19
Sat May 22 2021,29,0,35
Fri May 21 2021,13,0,16
Thu May 20 2021,15,0,17
Wed May 19 2021,11,0,15
Tue May 18 2021,23,0,46
Mon May 17 2021,17,0,19
Sun May 16 2021,18,0,22
Sat May 15 2021,21,0,25
Fri May 14 2021,11,0,11
Thu May 13 2021,12,0,13
Wed May 12 2021,8,0,8
Tue May 11 2021,10,0,11
Mon May 10 2021,14,0,22
Sun May 09 2021,23,0,26
Sat May 08 2021,13,0,15
Fri May 07 2021,29,0,45
Thu May 06 2021,38,0,89
Wed May 05 2021,37,0,45
Tue May 04 2021,31,0,38
Mon May 03 2021,49,0,58
Sun May 02 2021,60,0,96
Sat May 01 2021,83,0,109
Fri Apr 30 2021,88,0,118
Thu Apr 29 2021,53,0,62
Wed Apr 28 2021,39,0,62
Tue Apr 27 2021,40,749865,65
Mon Apr 26 2021,40,0,52
Sun Apr 25 2021,49,0,61
Sat Apr 24 2021,41,0,52
Fri Apr 23 2021,41,0,63
Thu Apr 22 2021,205,0,519
Wed Apr 21 2021,36,0,62
Tue Apr 20 2021,52,0,164
Mon Apr 19 2021,36,0,74
Sun Apr 18 2021,67,0,168
Sat Apr 17 2021,52,0,118
Fri Apr 16 2021,68,0,105
Thu Apr 15 2021,126,0,240
Wed Apr 14 2021,526,0,1232
Tue Apr 13 2021,66,0,143
Mon Apr 12 2021,36,0,61
Sun Apr 11 2021,44,0,65
Sat Apr 10 2021,47,0,62
Fri Apr 09 2021,42,0,67
Thu Apr 08 2021,34,0,66
Wed Apr 07 2021,30,0,40
Tue Apr 06 2021,40,0,91
Mon Apr 05 2021,63,0,196
Sun Apr 04 2021,52,0,87
Sat Apr 03 2021,39,0,54
Fri Apr 02 2021,41,0,76
Thu Apr 01 2021,47,0,60
Wed Mar 31 2021,48,0,96
Tue Mar 30 2021,91,0,152
Mon Mar 29 2021,98,0,152
Sun Mar 28 2021,65,0,96
Sat Mar 27 2021,68,0,119
Fri Mar 26 2021,53,1191723.16,79
Thu Mar 25 2021,39,0,112
Wed Mar 24 2021,96,0,302
Tue Mar 23 2021,17,0,17
Mon Mar 22 2021,19,0,30
Sun Mar 21 2021,26,0,37
Sat Mar 20 2021,29,0,34
Fri Mar 19 2021,24,0,44
Thu Mar 18 2021,33,0,52
Wed Mar 17 2021,19,0,22
Tue Mar 16 2021,23,0,37
Mon Mar 15 2021,17,0,17
Sun Mar 14 2021,42,0,54
Sat Mar 13 2021,35,0,41
Fri Mar 12 2021,32,0,36
Thu Mar 11 2021,34,0,38
Wed Mar 10 2021,26,0,33
Tue Mar 09 2021,49,0,57
Mon Mar 08 2021,22,0,27
Sun Mar 07 2021,29,0,35
Sat Mar 06 2021,36,0,45
Fri Mar 05 2021,30,0,33
Thu Mar 04 2021,42,0,50
Wed Mar 03 2021,25,0,43
Tue Mar 02 2021,29,0,47
Mon Mar 01 2021,41,0,55
Sun Feb 28 2021,45,0,60
Sat Feb 27 2021,47,0,58
Fri Feb 26 2021,45,351871.5,56
Thu Feb 25 2021,51,0,68
Wed Feb 24 2021,19,0,21
Tue Feb 23 2021,6,0,7
Mon Feb 22 2021,13,0,14
Sun Feb 21 2021,19,0,20
Sat Feb 20 2021,16,0,33
Fri Feb 19 2021,19,0,22
Thu Feb 18 2021,19,0,21
Wed Feb 17 2021,23,0,41
Tue Feb 16 2021,25,0,30
Mon Feb 15 2021,31,0,93
Sun Feb 14 2021,26,0,29
Sat Feb 13 2021,27,0,29
Fri Feb 12 2021,24,0,27
Thu Feb 11 2021,369,0,1262
Wed Feb 10 2021,18,0,34
Tue Feb 09 2021,14,0,15
Mon Feb 08 2021,9,0,11
Sun Feb 07 2021,18,0,21
Sat Feb 06 2021,23,0,34
Fri Feb 05 2021,9,0,10
Thu Feb 04 2021,6,0,7
Wed Feb 03 2021,18,0,21
Tue Feb 02 2021,10,0,11
Mon Feb 01 2021,20,0,23
Sun Jan 31 2021,19,0,24
Sat Jan 30 2021,17,0,18
Fri Jan 29 2021,12,0,16
Thu Jan 28 2021,26,0,27
Wed Jan 27 2021,23,0,25
Tue Jan 26 2021,24,0,59
Mon Jan 25 2021,17,143305.5,17
Sun Jan 24 2021,28,0,30
Sat Jan 23 2021,28,0,28
Fri Jan 22 2021,20,0,23
Thu Jan 21 2021,57,0,78
Wed Jan 20 2021,14,0,18
Tue Jan 19 2021,8,0,11
Mon Jan 18 2021,16,0,19
Sun Jan 17 2021,25,0,35
Sat Jan 16 2021,25,0,28
Fri Jan 15 2021,20,0,28
Thu Jan 14 2021,22,0,29
Wed Jan 13 2021,28,0,33
Tue Jan 12 2021,13,0,21
Mon Jan 11 2021,7,0,8
Sun Jan 10 2021,18,0,20
Sat Jan 09 2021,19,0,33
Fri Jan 08 2021,12,0,37
Thu Jan 07 2021,12,0,12
Wed Jan 06 2021,10,0,13
Tue Jan 05 2021,16,0,17
Mon Jan 04 2021,10,0,13
Sun Jan 03 2021,13,0,18
Sat Jan 02 2021,23,0,24
Fri Jan 01 2021,26,0,42
Thu Dec 31 2020,17,0,18
Wed Dec 30 2020,13,0,16
Tue Dec 29 2020,13,0,14
Mon Dec 28 2020,17,0,20
Sun Dec 27 2020,16,0,19
Sat Dec 26 2020,21,58404.44,30
Fri Dec 25 2020,12,0,19
Thu Dec 24 2020,36,0,40
Wed Dec 23 2020,12,0,13
Tue Dec 22 2020,22,0,36
Mon Dec 21 2020,23,0,26
Sun Dec 20 2020,28,0,32
Sat Dec 19 2020,29,0,35
Fri Dec 18 2020,31,0,48
Thu Dec 17 2020,14,0,14
Wed Dec 16 2020,38,0,46
Tue Dec 15 2020,34,0,40
Mon Dec 14 2020,65,0,79
Sun Dec 13 2020,62,0,86
Sat Dec 12 2020,102,0,327
Fri Dec 11 2020,176,0,358
Thu Dec 10 2020,76,0,141
Wed Dec 09 2020,34,0,61
Tue Dec 08 2020,14,0,18
Mon Dec 07 2020,11,0,13
Sun Dec 06 2020,20,0,27
Sat Dec 05 2020,26,0,35
Fri Dec 04 2020,27,0,30
Thu Dec 03 2020,30,0,42
Wed Dec 02 2020,22,0,31
Tue Dec 01 2020,17,0,19
Mon Nov 30 2020,15,0,20
Sun Nov 29 2020,39,0,69
Sat Nov 28 2020,43,0,54
Fri Nov 27 2020,37,0,43
Thu Nov 26 2020,24,67441.29,32
Wed Nov 25 2020,47,0,59
Tue Nov 24 2020,29,0,42
Mon Nov 23 2020,31,0,42
Sun Nov 22 2020,29,0,36
Sat Nov 21 2020,19,0,22
Fri Nov 20 2020,27,0,34
Thu Nov 19 2020,24,0,41
Wed Nov 18 2020,33,0,61
Tue Nov 17 2020,23,0,30
Mon Nov 16 2020,34,0,44
Sun Nov 15 2020,45,0,63
Sat Nov 14 2020,67,0,103
Fri Nov 13 2020,113,0,186
Thu Nov 12 2020,928,0,5737
Wed Nov 11 2020,50,0,63
Tue Nov 10 2020,28,0,38
Mon Nov 09 2020,30,0,41
Sun Nov 08 2020,20,0,27
Sat Nov 07 2020,18,0,24
Fri Nov 06 2020,37,0,43
Thu Nov 05 2020,39,0,52
Wed Nov 04 2020,35,0,48
Tue Nov 03 2020,40,0,53
Mon Nov 02 2020,38,0,56
Sun Nov 01 2020,49,0,70
Sat Oct 31 2020,72,0,103
Fri Oct 30 2020,69,0,94
Thu Oct 29 2020,95,0,154
Wed Oct 28 2020,158,0,269
Tue Oct 27 2020,222,57623.87,375
Mon Oct 26 2020,121,0,165
Sun Oct 25 2020,30,0,45
Sat Oct 24 2020,30,0,40
Fri Oct 23 2020,37,0,51
Thu Oct 22 2020,32,0,39
Wed Oct 21 2020,33,0,47
Tue Oct 20 2020,49,0,67
Mon Oct 19 2020,38,0,59
Sun Oct 18 2020,59,0,87
Sat Oct 17 2020,61,0,86
Fri Oct 16 2020,47,0,51
Thu Oct 15 2020,37,0,42
Wed Oct 14 2020,32,0,49
Tue Oct 13 2020,36,0,46
Mon Oct 12 2020,41,0,68
Sun Oct 11 2020,56,0,75
Sat Oct 10 2020,33,0,41
Fri Oct 09 2020,20,0,25
Thu Oct 08 2020,22,0,24
Wed Oct 07 2020,35,0,72
Tue Oct 06 2020,33,0,37
Mon Oct 05 2020,39,0,45
Sun Oct 04 2020,30,0,42
Sat Oct 03 2020,26,0,38
Fri Oct 02 2020,35,0,40
Thu Oct 01 2020,55,0,65
Wed Sep 30 2020,48,0,55
Tue Sep 29 2020,48,0,52
Mon Sep 28 2020,65,0,74
Sun Sep 27 2020,95,0,150
Sat Sep 26 2020,134,0,203
Fri Sep 25 2020,250,0,353
Thu Sep 24 2020,21,63977.49,30
Wed Sep 23 2020,23,0,30
Tue Sep 22 2020,10,0,16
Mon Sep 21 2020,8,0,8
Sun Sep 20 2020,11,0,13
Sat Sep 19 2020,15,0,16
Fri Sep 18 2020,278,0,545
Thu Sep 17 2020,331,47.39,802
Wed Sep 16 2020,314,0,488
Tue Sep 15 2020,320,376.78,669
Mon Sep 14 2020,5,0,5
Sun Sep 13 2020,4,0,4
Sat Sep 12 2020,10,0,10
Fri Sep 11 2020,8,0,15
Thu Sep 10 2020,1,0,1
Wed Sep 09 2020,8,0,29
Tue Sep 08 2020,8,0,15
Mon Sep 07 2020,0,0,0
Sun Sep 06 2020,1,0,19
Sat Sep 05 2020,0,0,0
Fri Sep 04 2020,1,0,1
Thu Sep 03 2020,3,0,17
Wed Sep 02 2020,1,0,1
Tue Sep 01 2020,1,0,1
Mon Aug 31 2020,1,0,4
Sun Aug 30 2020,0,0,0
Sat Aug 29 2020,1,0,1
Fri Aug 28 2020,2,0,3
Thu Aug 27 2020,0,0,0
Wed Aug 26 2020,2,0,3
Tue Aug 25 2020,0,0,0
Mon Aug 24 2020,2,0,2
Sun Aug 23 2020,5,0,7
Sat Aug 22 2020,1,0,1
Fri Aug 21 2020,3,0,3
Thu Aug 20 2020,3,0,6
Wed Aug 19 2020,4,0,4
Tue Aug 18 2020,1,0,1
Mon Aug 17 2020,3,0,8
Sun Aug 16 2020,3,113.4,6
Sat Aug 15 2020,4,0,4
Fri Aug 14 2020,6,0,14
Thu Aug 13 2020,2,0,3
Wed Aug 12 2020,1,0,3
Tue Aug 11 2020,1,0,2
Mon Aug 10 2020,3,0,3
Sun Aug 09 2020,4,0,7
Sat Aug 08 2020,4,0,4
Fri Aug 07 2020,10,520.33,222
Thu Aug 06 2020,8,0,10
Wed Aug 05 2020,85,29335.08,580
Tue Aug 04 2020,304,227494.49,1886
Mon Aug 03 2020,1,0,1
Sun Aug 02 2020,3,0,4
Sat Aug 01 2020,1,0,1
Fri Jul 31 2020,1,0,3
Thu Jul 30 2020,1,0,1
Wed Jul 29 2020,4,0,4
Tue Jul 28 2020,2,0,22
Mon Jul 27 2020,4,0,12
Sun Jul 26 2020,2,0,2
Sat Jul 25 2020,1,291.24,6
Fri Jul 24 2020,1,0,3
Thu Jul 23 2020,0,0,0
Wed Jul 22 2020,0,0,0
Tue Jul 21 2020,0,0,0
Mon Jul 20 2020,2,0,2
Sun Jul 19 2020,1,0,1
Sat Jul 18 2020,0,0,0
Fri Jul 17 2020,4,0,4
Thu Jul 16 2020,4,0,4
Wed Jul 15 2020,1,0,1
Tue Jul 14 2020,5,0,9
Mon Jul 13 2020,3,0,3
Sun Jul 12 2020,0,0,0
Sat Jul 11 2020,1,0,1
Fri Jul 10 2020,0,0,0
Thu Jul 09 2020,5,0,13
Wed Jul 08 2020,0,0,0
Tue Jul 07 2020,2,0,2
Mon Jul 06 2020,0,0,0
Sun Jul 05 2020,0,0,0
Sat Jul 04 2020,0,0,0
Fri Jul 03 2020,4,39.17,13
Thu Jul 02 2020,82,190920.94,975
Wed Jul 01 2020,4,0,44
Tue Jun 30 2020,113,55108.08,359
Mon Jun 29 2020,2,0,10
Sun Jun 28 2020,1,0,1
Sat Jun 27 2020,2,0,2
Fri Jun 26 2020,4,224.32,9
Thu Jun 25 2020,2,0,2
Wed Jun 24 2020,3,0,3
Tue Jun 23 2020,140,59434.33,377
Mon Jun 22 2020,3,0,3
Sun Jun 21 2020,1,0,3
Sat Jun 20 2020,2,0,2
Fri Jun 19 2020,4,32.72,7
Thu Jun 18 2020,4,0,6
Wed Jun 17 2020,1,0,2
Tue Jun 16 2020,92,27351.05,179
Mon Jun 15 2020,4,0,5
Sun Jun 14 2020,9,0,16
Sat Jun 13 2020,7,0,26
Fri Jun 12 2020,4,0,15
Thu Jun 11 2020,173,56388.37,379
Wed Jun 10 2020,4,0,7
Tue Jun 09 2020,4,0,8
Mon Jun 08 2020,1,0,1
Sun Jun 07 2020,3,0,3
Sat Jun 06 2020,2,0,2
Fri Jun 05 2020,4,0,6
Thu Jun 04 2020,152,50721,449
Wed Jun 03 2020,3,0,3
Tue Jun 02 2020,2,0,20
Mon Jun 01 2020,1,0,1
Sun May 31 2020,2,0,2
Sat May 30 2020,2,0,4
Fri May 29 2020,2,0,2
Thu May 28 2020,0,0,0
Wed May 27 2020,1,0,1
Tue May 26 2020,4,0,13
Mon May 25 2020,4,0,21
Sun May 24 2020,1,0,1
Sat May 23 2020,3,0,4
Fri May 22 2020,3,0,12
Thu May 21 2020,0,0,0
Wed May 20 2020,1,0,1
Tue May 19 2020,4,0,5
Mon May 18 2020,2,0,2
Sun May 17 2020,1,0,1
Sat May 16 2020,1,0,3
Fri May 15 2020,0,0,0
Thu May 14 2020,0,0,0
Wed May 13 2020,0,0,0
Tue May 12 2020,0,0,0
Mon May 11 2020,2,0,2
Sun May 10 2020,6,0,8
Sat May 09 2020,1,0,1
Fri May 08 2020,3,0,10
Thu May 07 2020,2,0,4
Wed May 06 2020,3,0,8
Tue May 05 2020,1,0,1
Mon May 04 2020,4,0,4
Sun May 03 2020,4,0,17
Sat May 02 2020,3,0,3
Fri May 01 2020,5,329.13,6
Thu Apr 30 2020,1,0,2
Wed Apr 29 2020,5,0,9
Tue Apr 28 2020,4,0,5
Mon Apr 27 2020,1,0,1
Sun Apr 26 2020,3,0,3
Sat Apr 25 2020,6,0,12
Fri Apr 24 2020,2,0,2
Thu Apr 23 2020,1,0,1
Wed Apr 22 2020,5,0,6
Tue Apr 21 2020,1,0,1
Mon Apr 20 2020,1,330.41,1
Sun Apr 19 2020,3,0,6
Sat Apr 18 2020,2,0,2
Fri Apr 17 2020,0,0,0
Thu Apr 16 2020,6,0,7
Wed Apr 15 2020,4,0,13
Tue Apr 14 2020,2,0,2
Mon Apr 13 2020,4,5558.41,26
Sun Apr 12 2020,4,94.67,14
Sat Apr 11 2020,7,0,7
Fri Apr 10 2020,4,0,11
Thu Apr 09 2020,3,0,3
Wed Apr 08 2020,5,0,11
Tue Apr 07 2020,2,0,3
Mon Apr 06 2020,0,0,0
Sun Apr 05 2020,7,425.32,16
Sat Apr 04 2020,5,0,5
Fri Apr 03 2020,15,6761.91,113
Thu Apr 02 2020,11,81,31
Wed Apr 01 2020,111,18175.68,384
Tue Mar 31 2020,651,616141.45,3885
Mon Mar 30 2020,2,0,11
Sun Mar 29 2020,2,0,2
Sat Mar 28 2020,2,0,11
Fri Mar 27 2020,1,0,1
Thu Mar 26 2020,2,0,4
Wed Mar 25 2020,2,0,2
Tue Mar 24 2020,0,0,0
Mon Mar 23 2020,0,0,0
Sun Mar 22 2020,0,0,0
Sat Mar 21 2020,3,0,3
Fri Mar 20 2020,0,0,0
Thu Mar 19 2020,1,0,2
Wed Mar 18 2020,0,0,0
Tue Mar 17 2020,3,0,5
Mon Mar 16 2020,1,0,1
Sun Mar 15 2020,0,0,0
Sat Mar 14 2020,1,0,1
Fri Mar 13 2020,0,0,0
Thu Mar 12 2020,3,0,4
Wed Mar 11 2020,5,0,6
Tue Mar 10 2020,0,0,0
Mon Mar 09 2020,0,0,0
Sun Mar 08 2020,0,0,0
Sat Mar 07 2020,1,0,1
Fri Mar 06 2020,1,0,1
Thu Mar 05 2020,1,0,1
Wed Mar 04 2020,3,0,3
Tue Mar 03 2020,2,0,3
Mon Mar 02 2020,5,0,5
Sun Mar 01 2020,3,0,3
Sat Feb 29 2020,8,0,8
Fri Feb 28 2020,3,0,4
Thu Feb 27 2020,1,0,1
Wed Feb 26 2020,2,0,2
Tue Feb 25 2020,5,1160.75,6
Mon Feb 24 2020,2,0,4
Sun Feb 23 2020,3,0,10
Sat Feb 22 2020,4,0,4
Fri Feb 21 2020,3,0,9
Thu Feb 20 2020,4,0,6
Wed Feb 19 2020,14,1117.43,40
Tue Feb 18 2020,10,0,39
Mon Feb 17 2020,11,2336.81,11
Sun Feb 16 2020,11,67.95,13
Sat Feb 15 2020,27,2125.91,67
Fri Feb 14 2020,32,3858.78,125
Thu Feb 13 2020,60,9460.02,238
Wed Feb 12 2020,82,13549.29,425
Tue Feb 11 2020,294,179534.23,2447
Mon Feb 10 2020,2,0,2
Sun Feb 09 2020,3,0,3
Sat Feb 08 2020,0,0,0
Fri Feb 07 2020,1,0,2
Thu Feb 06 2020,2,0,2
Wed Feb 05 2020,2,0,2
Tue Feb 04 2020,0,0,0
Mon Feb 03 2020,1,0,1
Sun Feb 02 2020,1,0,1
Sat Feb 01 2020,0,0,0
Fri Jan 31 2020,0,0,0
Thu Jan 30 2020,0,0,0
Wed Jan 29 2020,1,0,1
Tue Jan 28 2020,2,0,2
Mon Jan 27 2020,1,0,1
Sun Jan 26 2020,0,0,0
Sat Jan 25 2020,2,0,2
Fri Jan 24 2020,0,0,0
Thu Jan 23 2020,0,0,0
Wed Jan 22 2020,1,0,1
Tue Jan 21 2020,0,0,0
Mon Jan 20 2020,0,0,0
Sun Jan 19 2020,0,0,0
Sat Jan 18 2020,2,0,8
Fri Jan 17 2020,0,0,0
Thu Jan 16 2020,1,0,1
Wed Jan 15 2020,0,0,0
Tue Jan 14 2020,1,0,1
Mon Jan 13 2020,0,0,0
Sun Jan 12 2020,0,0,0
Sat Jan 11 2020,0,0,0
Fri Jan 10 2020,1,0,1
Thu Jan 09 2020,0,0,0
Wed Jan 08 2020,0,0,0
Tue Jan 07 2020,0,0,0
Mon Jan 06 2020,2,0,4
Sun Jan 05 2020,0,0,0
Sat Jan 04 2020,0,0,0
Fri Jan 03 2020,0,0,0
Thu Jan 02 2020,1,0,1
Wed Jan 01 2020,0,0,0
Tue Dec 31 2019,0,0,0
Mon Dec 30 2019,1,0,1
Sun Dec 29 2019,0,0,0
Sat Dec 28 2019,0,0,0
Fri Dec 27 2019,0,0,0
Thu Dec 26 2019,0,0,0
Wed Dec 25 2019,1,0,1
Tue Dec 24 2019,0,0,0
Mon Dec 23 2019,1,0,1
Sun Dec 22 2019,1,0,1
Sat Dec 21 2019,2,0,2
Fri Dec 20 2019,2,0,2
Thu Dec 19 2019,0,0,0
Wed Dec 18 2019,1,0,1
Tue Dec 17 2019,2,0,10
Mon Dec 16 2019,1,0,1
Sun Dec 15 2019,2,0,2
Sat Dec 14 2019,0,0,0
Fri Dec 13 2019,0,0,0
Thu Dec 12 2019,2,503.29,2
Wed Dec 11 2019,3,1915.12,3
Tue Dec 10 2019,4,954.81,4
Mon Dec 09 2019,1,0,1
Sun Dec 08 2019,5,6644.16,71
Sat Dec 07 2019,5,4638.78,161
Fri Dec 06 2019,17,554.79,33
Thu Dec 05 2019,166,89779.09,1174
Wed Dec 04 2019,5,413.55,7